ID,Company,Last Name,First Name,E-mail Address,Job Title,Business Phone,Home Phone,Mobile Phone,Fax Number,Address,City,State/Province,ZIP/Postal Code,Country/Region,Web Page,Notes,Attachments
1,Company A,Bedecs,Anna,None,Owner,(123)555-0100,None,None,(123)555-0101,123 1st Street,Seattle,WA,99999,USA,None,None,0
2,Company B,Gratacos Solsona,Antonio,None,Owner,(123)555-0100,None,None,(123)555-0101,123 2nd Street,Boston,MA,99999,USA,None,None,0
3,Company C,Axen,Thomas,None,Purchasing Representative,(123)555-0100,None,None,(123)555-0101,123 3rd Street,Los Angelas,CA,99999,USA,None,None,0
4,Company D,Lee,Christina,None,Purchasing Manager,(123)555-0100,None,None,(123)555-0101,123 4th Street,New York,NY,99999,USA,None,None,0
5,Company E,O’Donnell,Martin,None,Owner,(123)555-0100,None,None,(123)555-0101,123 5th Street,Minneapolis,MN,99999,USA,None,None,0
6,Company F,Pérez-Olaeta,Francisco,None,Purchasing Manager,(123)555-0100,None,None,(123)555-0101,123 6th Street,Milwaukee,WI,99999,USA,None,None,0
7,Company G,Xie,Ming-Yang,None,Owner,(123)555-0100,None,None,(123)555-0101,123 7th Street,Boise,ID,99999,USA,None,None,0
8,Company H,Andersen,Elizabeth,None,Purchasing Representative,(123)555-0100,None,None,(123)555-0101,123 8th Street,Portland,OR,99999,USA,None,None,0
9,Company I,Mortensen,Sven,None,Purchasing Manager,(123)555-0100,None,None,(123)555-0101,123 9th Street,Salt Lake City,UT,99999,USA,None,None,0
10,Company J,Wacker,Roland,None,Purchasing Manager,(123)555-0100,None,None,(123)555-0101,123 10th Street,Chicago,IL,99999,USA,None,None,0
11,Company K,Krschne,Peter,None,Purchasing Manager,(123)555-0100,None,None,(123)555-0101,123 11th Street,Miami,FL,99999,USA,None,None,0
12,Company L,Edwards,John,None,Purchasing Manager,(123)555-0100,None,None,(123)555-0101,123 12th Street,Las Vegas,NV,99999,USA,None,None,0
13,Company M,Ludick,Andre,None,Purchasing Representative,(123)555-0100,None,None,(123)555-0101,456 13th Street,Memphis,TN,99999,USA,None,None,0
14,Company N,Grilo,Carlos,None,Purchasing Representative,(123)555-0100,None,None,(123)555-0101,456 14th Street,Denver,CO,99999,USA,None,None,0
15,Company O,Kupkova,Helena,None,Purchasing Manager,(123)555-0100,None,None,(123)555-0101,456 15th Street,Honolulu,HI,99999,USA,None,None,0
16,Company P,Goldschmidt,Daniel,None,Purchasing Representative,(123)555-0100,None,None,(123)555-0101,456 16th Street,San Francisco,CA,99999,USA,None,None,0
17,Company Q,Bagel,Jean Philippe,None,Owner,(123)555-0100,None,None,(123)555-0101,456 17th Street,Seattle,WA,99999,USA,None,None,0
18,Company R,Autier Miconi,Catherine,None,Purchasing Representative,(123)555-0100,None,None,(123)555-0101,456 18th Street,Boston,MA,99999,USA,None,None,0
19,Company S,Eggerer,Alexander,None,Accounting Assistant,(123)555-0100,None,None,(123)555-0101,789 19th Street,Los Angelas,CA,99999,USA,None,None,0
20,Company T,Li,George,None,Purchasing Manager,(123)555-0100,None,None,(123)555-0101,789 20th Street,New York,NY,99999,USA,None,None,0
21,Company U,Tham,Bernard,None,Accounting Manager,(123)555-0100,None,None,(123)555-0101,789 21th Street,Minneapolis,MN,99999,USA,None,None,0
22,Company V,Ramos,Luciana,None,Purchasing Assistant,(123)555-0100,None,None,(123)555-0101,789 22th Street,Milwaukee,WI,99999,USA,None,None,0
23,Company W,Entin,Michael,None,Purchasing Manager,(123)555-0100,None,None,(123)555-0101,789 23th Street,Portland,OR,99999,USA,None,None,0
24,Company X,Hasselberg,Jonas,None,Owner,(123)555-0100,None,None,(123)555-0101,789 24th Street,Salt Lake City,UT,99999,USA,None,None,0
25,Company Y,Rodman,John,None,Purchasing Manager,(123)555-0100,None,None,(123)555-0101,789 25th Street,Chicago,IL,99999,USA,None,None,0
26,Company Z,Liu,Run,None,Accounting Assistant,(123)555-0100,None,None,(123)555-0101,789 26th Street,Miami,FL,99999,USA,None,None,0
27,Company AA,Toh,Karen,None,Purchasing Manager,(123)555-0100,None,None,(123)555-0101,789 27th Street,Las Vegas,NV,99999,USA,None,None,0
28,Company BB,Raghav,Amritansh,None,Purchasing Manager,(123)555-0100,None,None,(123)555-0101,789 28th Street,Memphis,TN,99999,USA,None,None,0
29,Company CC,Lee,Soo Jung,None,Purchasing Manager,(123)555-0100,None,None,(123)555-0101,789 29th Street,Denver,CO,99999,USA,None,None,0
